{
    "coef": [
        [
            0.1573124322302389
        ]
    ],
    "intercept": [
        -6.60217387906453
    ],
    "iters": 