{
  "model_name": "logistic_regression",
  "parameters": {
    "coef": [
      [0.14627064880231747, 1.3],
      [0.1333, 4.5]
    ],
    "intercept": [-5.309068263558331]
  }
}
